project_name,builder_name,locality,area,price_min,price_max,price_per_sft,possession_date,construction_progress,land_area_acres,total_units,unit_types,complaints_on_project,complaints_on_builder,land_litigations,property_title_summary,google_reviews_score,distance_from_nearest_office_hub,builder_reliability,density,timeline_reliability,commute_score,latitude,longitude,start_date,RERA_registration_number
Prestige Silver Oak,Prestige Estates,Whitefield,Bengaluru East,19999902,54776118,17889,05-04-2025,92,36.43,2258,"2BHK, 3BHK, 4BHK",0,2,0,Clear title with no encumbrances.,4.6,10.74,0.9,61,1.0,0.62,12.9329,77.7463,04-11-2021,PRM/KA/RERA/1251/446/PR/161386/95581
SNN Raj Etternia,SNN Estates,Harlur,Bengaluru East,9071491,39428103,10439,24-11-2025,95,3.93,279,"2.5BHK, 3BHK",0,45,0,Clear title with no encumbrances.,4.1,11.23,0.82,70,0.8,0.79,12.9027,77.6851,09-08-2021,PRM/KA/RERA/1251/446/PR/680473/84550
NVT Symphony of Orchards,NVT Quality Lifestyle,Sarjapur,Bengaluru East,15250680,31474140,15690,06-11-2027,20,25.26,2020,"2.5BHK, 2BHK, 3.5BHK, 4BHK",0,0,0,Clear title with no encumbrances.,4.8,10.04,0.97,79,0.6,0.77,12.922,77.6955,03-09-2023,PRM/KA/RERA/1251/446/PR/683134/27618
Sobha Habitech,Sobha Limited,Whitefield,Bengaluru East,10881585,44506319,12727,22-11-2025,14,5.04,423,"2BHK, 4BHK",0,0,0,Clear title with no encumbrances.,4.1,10.92,0.77,83,0.9,0.77,12.8813,77.6635,18-08-2021,PRM/KA/RERA/1251/446/PR/214046/97070
Prestige Ferns Residency,Prestige Estates,Harlur,Bengaluru East,14670448,23233080,14612,08-11-2028,59,15.37,1291,"1BHK, 2.5BHK",0,45,0,Clear title with no encumbrances.,4.0,5.54,0.92,83,0.4,0.65,12.9377,77.7337,12-12-2023,PRM/KA/RERA/1251/446/PR/111989/91664
Godrej Lakeside Orchard,Godrej Properties,Kodathi Village,Bengaluru East,12313107,48340346,14711,08-04-2027,23,31.51,3056,"2.5BHK, 3.5BHK, 3BHK",1,0,0,Clear title with no encumbrances.,4.1,13.8,0.83,96,0.9,0.81,12.9109,77.6734,13-06-2024,PRM/KA/RERA/1251/446/PR/597560/40073
Shriram Summit,Shriram Properties,Electronic City,Bengaluru South,12258763,30824987,11489,16-12-2023,100,26.8,2492,"1BHK, 3BHK",0,2,0,Clear title with no encumbrances.,4.3,14.8,0.9,92,1.0,0.79,12.9397,77.6727,14-09-2018,PRM/KA/RERA/1251/446/PR/627843/70086
Purva Promenade,Puravankara,Hennur,Bengaluru North,14845110,19971000,13314,12-11-2026,79,14.64,1259,"1BHK, 2BHK",0,0,0,Clear title with no encumbrances.,4.5,13.76,0.83,85,1.0,0.8,12.9069,77.6914,18-10-2021,PRM/KA/RERA/1251/446/PR/709447/39173
Purva Sunshine,Puravankara,Sarjapur,Bengaluru East,11270030,25169370,10910,27-07-2027,73,25.34,2103,"2.5BHK, 3.5BHK, 4BHK",0,2,0,Clear title with no encumbrances.,3.9,6.8,0.91,82,0.8,0.81,12.9529,77.663,02-09-2023,PRM/KA/RERA/1251/446/PR/348426/69746
DSR Waterscape,DSR Infraprojects,Horamavu,Bengaluru East,10422082,16833976,11017,03-06-2024,100,35.09,2456,"2BHK, 3.5BHK, 3BHK, 4BHK",0,2,0,Clear title with no encumbrances.,4.4,4.55,0.8,69,0.8,0.9,12.9757,77.7055,05-11-2019,PRM/KA/RERA/1251/446/PR/664478/44669
NVT Arcot Vaksana,NVT Quality Lifestyle,Sarjapur,Bengaluru East,18913200,36675847,15761,08-12-2024,100,36.98,3106,"1BHK, 2BHK, 3.5BHK, 3BHK",0,10,0,Clear title with no encumbrances.,4.5,1.35,0.81,83,0.8,0.65,12.8844,77.6584,11-03-2019,PRM/KA/RERA/1251/446/PR/669362/71876
Valmark Apas,Valmark Developers,Hulimavu,Bengaluru East,14524826,24801960,14254,27-05-2027,55,33.98,2412,"2BHK, 3.5BHK",0,2,0,Clear title with no encumbrances.,3.8,4.19,0.78,70,0.8,0.88,12.8569,77.6624,24-05-2022,PRM/KA/RERA/1251/446/PR/287898/94911
SNN Raj Serenity,SNN Estates,Begur,Bengaluru East,10331702,41881613,12329,15-12-2023,100,26.95,1805,"1BHK, 2.5BHK, 2BHK, 4BHK",0,0,0,Clear title with no encumbrances.,4.0,5.64,0.89,66,0.8,0.75,12.9283,77.7015,10-04-2020,PRM/KA/RERA/1251/446/PR/155827/92632
HM Symphony,HM Constructions,Kasavanahalli,Bengaluru East,11763636,45837128,14156,21-02-2025,74,22.28,1804,"2BHK, 3.5BHK",2,0,1,"Clear, marketable title with disclosed litigation.",4.0,5.03,0.97,80,0.6,0.91,12.9002,77.7422,23-12-2022,PRM/KA/RERA/1251/446/PR/234093/79999
DSR Sunrise,DSR Infraprojects,Whitefield,Bengaluru East,17270000,25434000,15700,21-02-2023,100,38.35,3183,"2.5BHK, 3BHK",2,0,2,"Clear, marketable title with disclosed litigation.",4.6,7.23,0.86,82,1.0,0.8,12.8676,77.7017,19-05-2018,PRM/KA/RERA/1251/446/PR/916734/37204
Vaswani Reserve,Vaswani Group,Marathahalli,Bengaluru East,15264030,60152100,17385,21-03-2027,79,11.76,870,"1BHK, 2.5BHK",0,45,1,"Clear, marketable title with disclosed litigation.",4.7,14.03,0.82,73,0.6,0.9,12.9452,77.7288,16-12-2024,PRM/KA/RERA/1251/446/PR/874301/42883
Shriram Smrithi,Shriram Properties,Sarjapur,Bengaluru East,13965056,40196294,15586,28-02-2025,65,25.05,2429,"1BHK, 3.5BHK, 3BHK, 4BHK",2,10,0,Clear title with no encumbrances.,4.1,9.92,0.76,96,1.0,0.82,12.9608,77.6562,08-03-2022,PRM/KA/RERA/1251/446/PR/980990/32098
Salarpuria Sattva Necklace Pride,Salarpuria Sattva,Tank Bund Road,Bengaluru East,13355100,37062000,15975,06-01-2027,98,25.93,1789,"1BHK, 2BHK",0,0,0,Clear title with no encumbrances.,3.9,6.36,0.8,68,0.9,0.93,12.8675,77.7034,24-01-2024,PRM/KA/RERA/1251/446/PR/238728/39526
Birla Evara,Birla Estates,Varthur,Bengaluru East,8447676,36470512,10468,25-04-2029,84,34.08,2419,"1BHK, 2.5BHK, 2BHK, 4BHK",1,5,1,"Clear, marketable title with disclosed litigation.",4.4,13.73,0.95,70,0.9,0.68,12.9391,77.7013,09-08-2024,PRM/KA/RERA/1251/446/PR/729910/73574
Ozone Promenade,Ozone Group,Whitefield,Bengaluru East,9101507,34990010,10261,15-07-2022,100,36.07,3498,"3BHK, 4BHK",1,10,0,Clear title with no encumbrances.,4.2,3.12,0.95,96,0.8,0.62,12.9896,77.7162,11-05-2018,PRM/KA/RERA/1251/446/PR/853248/15306
MIMS Northbrook,MIMS Builders,Hennur,Bengaluru North,10473901,21069979,11107,05-09-2025,72,39.79,2665,"2.5BHK, 2BHK, 3.5BHK, 3BHK",2,2,0,Clear title with no encumbrances.,4.6,2.97,0.94,66,0.9,0.68,12.9859,77.6629,26-06-2020,PRM/KA/RERA/1251/446/PR/611636/57351
Salarpuria Sattva Greenage,Salarpuria Sattva,Hosur Road,Bengaluru South,18729666,27835020,15726,12-08-2026,18,20.91,1505,"2.5BHK, 3.5BHK",0,5,0,Clear title with no encumbrances.,4.0,7.68,0.96,71,0.8,0.7,12.8928,77.6891,01-09-2022,PRM/KA/RERA/1251/446/PR/169006/79179
Nambiar Ellegenza,Nambiar Builders,Sarjapur,Bengaluru East,18494476,41085044,17732,01-09-2025,89,15.75,960,"1BHK, 2BHK, 3.5BHK, 4BHK",2,2,0,Clear title with no encumbrances.,4.6,2.92,0.88,60,1.0,0.9,12.8569,77.7014,07-05-2022,PRM/KA/RERA/1251/446/PR/678729/92330
UKN Miraya Rose,UKN Properties,Whitefield,Bengaluru East,13590544,52842840,16696,25-02-2027,28,16.42,1198,"1BHK, 4BHK",2,0,0,Clear title with no encumbrances.,4.9,4.79,0.78,72,1.0,0.82,12.8869,77.6532,23-03-2022,PRM/KA/RERA/1251/446/PR/469820/23119
Rohan Vasantha,Rohan Builders,Marathahalli,Bengaluru East,15716820,32491190,16270,13-05-2025,47,38.2,3017,"2BHK, 3.5BHK, 4BHK",10,0,0,Clear title with no encumbrances.,4.6,12.8,0.9,78,0.9,0.8,12.888,77.672,02-06-2020,PRM/KA/RERA/1251/446/PR/484691/22902
Sobha Cinnamon,Sobha Limited,Harlur,Bengaluru East,18144630,39896325,15615,05-09-2026,65,5.4,513,"1BHK, 4BHK",0,5,0,Clear title with no encumbrances.,4.8,2.47,0.77,95,0.9,0.88,12.9148,77.7159,09-05-2023,PRM/KA/RERA/1251/446/PR/941279/46333
Radiant Silver Oak,Radiant Group,Whitefield,Bengaluru East,13935080,29886000,11720,28-06-2023,100,23.93,1507,"1BHK, 2BHK, 3.5BHK",1,5,0,Clear title with no encumbrances.,4.1,2.19,0.96,62,1.0,0.77,12.8752,77.6591,24-12-2019,PRM/KA/RERA/1251/446/PR/605457/76678
Shriram Signiaa,Shriram Properties,Electronic City,Bengaluru South,12918807,35956753,11863,25-01-2022,100,35.07,2419,"2.5BHK, 3BHK, 4BHK",1,2,0,Clear title with no encumbrances.,4.2,4.1,0.83,68,0.8,0.88,12.9582,77.6559,06-02-2018,PRM/KA/RERA/1251/446/PR/941111/99984
Ozone Residenza,Ozone Group,Sarjapur,Bengaluru East,12621404,43018196,14642,25-02-2025,89,32.48,3150,"2BHK, 4BHK",0,10,0,Clear title with no encumbrances.,4.3,3.73,0.88,96,1.0,0.81,12.9533,77.6671,24-09-2020,PRM/KA/RERA/1251/446/PR/894208/34084
Assetz 63 Degree East,Assetz Property Group,Sarjapur,Bengaluru East,15830964,23879853,14823,14-01-2023,100,19.84,1964,"2.5BHK, 2BHK, 3.5BHK, 3BHK",1,2,1,"Clear, marketable title with disclosed litigation.",3.9,3.68,0.79,98,0.6,0.9,12.8964,77.7493,10-03-2020,PRM/KA/RERA/1251/446/PR/161424/98028
Vaishnavi Serene,Vaishnavi Group,Yelahanka,Bengaluru North,11874324,30801078,10934,05-03-2023,100,34.23,3286,"1BHK, 2BHK, 3.5BHK, 3BHK",5,2,0,Clear title with no encumbrances.,4.2,12.25,0.86,95,1.0,0.64,12.9714,77.7163,15-06-2018,PRM/KA/RERA/1251/446/PR/811684/76964
Prestige Tech Vista,Prestige Estates,Kadugodi,Bengaluru East,12004312,35931904,11576,21-03-2026,35,26.64,2370,"2BHK, 3.5BHK, 3BHK, 4BHK",0,2,0,Clear title with no encumbrances.,4.8,7.15,0.88,88,1.0,0.9,12.8715,77.6545,25-03-2023,PRM/KA/RERA/1251/446/PR/263711/92167
Sumadhura Folium,Sumadhura Group,Whitefield,Bengaluru East,11521440,28338660,11340,10-07-2025,26,20.59,1832,"2.5BHK, 4BHK",0,45,0,Clear title with no encumbrances.,4.6,2.26,0.96,88,0.4,0.86,12.9823,77.7219,16-12-2020,PRM/KA/RERA/1251/446/PR/772600/47257
DSR Green Fields,DSR Infraprojects,Whitefield,Bengaluru East,10469870,22348705,11455,14-12-2024,100,18.16,1362,"2BHK, 3.5BHK, 3BHK",0,0,0,Clear title with no encumbrances.,4.2,8.35,0.84,75,0.8,0.67,12.9232,77.7215,03-02-2020,PRM/KA/RERA/1251/446/PR/453846/31348
Mahaveer Ranches,Mahaveer Group,Harlur,Bengaluru East,15332688,22725234,13038,21-06-2021,100,22.6,1740,"1BHK, 3.5BHK, 3BHK, 4BHK",0,0,1,"Clear, marketable title with disclosed litigation.",4.6,11.96,0.97,76,0.9,0.94,12.9432,77.6817,28-04-2018,PRM/KA/RERA/1251/446/PR/774568/27412
Adarsh Palm Retreat,Adarsh Developers,Bellandur,Bengaluru East,9325212,18390524,10396,17-09-2025,62,18.33,1594,"3.5BHK, 4BHK",0,0,0,Clear title with no encumbrances.,4.0,1.33,0.96,86,1.0,0.63,12.8737,77.6882,20-03-2020,PRM/KA/RERA/1251/446/PR/476151/61553
Godrej United,Godrej Properties,Whitefield,Bengaluru East,17388980,62274820,17132,01-02-2028,49,15.91,1591,"1BHK, 2BHK, 3.5BHK, 4BHK",0,0,0,Clear title with no encumbrances.,4.1,13.33,0.94,100,0.8,0.66,12.9212,77.6665,20-05-2024,PRM/KA/RERA/1251/446/PR/643837/91522
Brigade Cosmopolis,Brigade Enterprises,Whitefield,Bengaluru East,11724250,25324380,10195,21-05-2026,12,11.48,1113,"1BHK, 2.5BHK",0,0,0,Clear title with no encumbrances.,4.6,3.13,0.78,96,0.9,0.68,12.8954,77.692,28-12-2021,PRM/KA/RERA/1251/446/PR/200602/60404
Gopalan Atlantis,Gopalan Enterprises,Whitefield,Bengaluru East,16828058,45142188,16042,26-07-2028,46,5.2,494,"1BHK, 2.5BHK, 2BHK, 3.5BHK",0,10,0,Clear title with no encumbrances.,4.3,4.06,0.92,95,0.9,0.87,12.9606,77.6568,05-02-2023,PRM/KA/RERA/1251/446/PR/350974/57475
Vaswani Brentwood,Vaswani Group,Brookefield,Bengaluru East,12200082,25950392,10618,28-04-2025,98,35.92,3556,"1BHK, 3.5BHK, 3BHK",0,2,0,Clear title with no encumbrances.,4.3,9.64,0.89,98,1.0,0.68,12.8588,77.6546,10-07-2022,PRM/KA/RERA/1251/446/PR/528285/28217
CASA Grand Meridian,CASA Grand,KR Puram,Bengaluru East,16061108,51206409,15503,16-03-2023,100,22.59,1649,"3.5BHK, 4BHK",2,5,0,Clear title with no encumbrances.,4.2,12.77,0.83,72,1.0,0.88,12.8971,77.7004,14-03-2019,PRM/KA/RERA/1251/446/PR/951570/83174
Prestige Ivy Terraces,Prestige Estates,Marathahalli,Bengaluru East,16198920,36371160,16980,19-07-2023,100,3.28,200,"1BHK, 2BHK, 3.5BHK, 4BHK",0,0,0,Clear title with no encumbrances.,4.8,3.12,0.9,60,1.0,0.78,12.9692,77.6821,27-12-2020,PRM/KA/RERA/1251/446/PR/855941/18711
SNN Raj Greenbay,SNN Estates,Electronic City,Bengaluru South,16912635,25137987,14901,25-04-2027,12,18.33,1154,"2.5BHK, 3.5BHK, 3BHK, 4BHK",0,0,0,Clear title with no encumbrances.,4.9,6.95,0.95,62,1.0,0.94,12.8515,77.6743,28-07-2022,PRM/KA/RERA/1251/446/PR/600230/71134
Raja Woods Park,Raja Housing,JP Nagar,Bengaluru South,11278080,42609996,11748,12-06-2025,37,9.41,743,"2.5BHK, 3.5BHK, 3BHK",2,0,0,Clear title with no encumbrances.,4.3,11.2,0.83,78,0.9,0.92,12.9951,77.6619,28-11-2021,PRM/KA/RERA/1251/446/PR/724684/29220
Prestige Langleigh,Prestige Estates,Whitefield,Bengaluru East,12205304,22983562,11602,16-01-2025,33,5.21,468,"2BHK, 3.5BHK, 3BHK, 4BHK",0,5,0,Clear title with no encumbrances.,4.1,1.89,0.78,89,0.9,0.94,12.9466,77.749,24-05-2022,PRM/KA/RERA/1251/446/PR/793238/80507
Bhartiya City Nikoo Homes 2,Bhartiya City,Thanisandra,Bengaluru North,11484306,24333084,12634,24-11-2027,93,36.53,2776,"2BHK, 3.5BHK, 4BHK",1,5,0,Clear title with no encumbrances.,4.6,3.16,0.85,75,0.8,0.84,12.899,77.6791,01-11-2023,PRM/KA/RERA/1251/446/PR/250601/74612
Sobha Rose,Sobha Limited,Whitefield,Bengaluru East,18368840,40630730,15890,26-06-2021,100,19.66,1494,"1BHK, 3.5BHK",0,2,0,Clear title with no encumbrances.,4.7,8.21,0.91,75,1.0,0.66,12.9447,77.6783,02-07-2018,PRM/KA/RERA/1251/446/PR/355747/47664
Krupa Altius,Krupa Builders,Whitefield,Bengaluru East,13666378,30927780,13217,05-07-2026,14,31.46,2768,"1BHK, 2.5BHK, 3.5BHK",1,2,0,Clear title with no encumbrances.,4.0,10.01,0.87,87,0.6,0.71,12.8864,77.7388,06-05-2021,PRM/KA/RERA/1251/446/PR/127594/20062
Total Environment Pursuit of a Radical Rhapsody,Total Environment,Whitefield,Bengaluru East,14081199,31833072,15423,28-05-2029,57,8.18,507,"1BHK, 2.5BHK, 3BHK",0,2,0,Clear title with no encumbrances.,4.0,4.65,0.86,61,1.0,0.85,12.9131,77.7073,25-01-2024,PRM/KA/RERA/1251/446/PR/806368/58484
Ozone WF48,Ozone Group,Mahadevapura,Bengaluru East,10626576,44626352,13168,03-08-2024,100,39.05,3826,"1BHK, 2BHK, 3.5BHK, 4BHK",0,0,0,Clear title with no encumbrances.,4.0,3.8,0.81,97,0.8,0.64,12.8575,77.7162,10-10-2019,PRM/KA/RERA/1251/446/PR/696349/72593
Prestige Fontaine Bleau,Prestige Estates,Whitefield,Bengaluru East,12539184,18493608,11256,17-07-2027,80,14.15,863,"2.5BHK, 3BHK",1,0,1,"Clear, marketable title with disclosed litigation.",4.0,8.16,0.86,60,1.0,0.91,12.944,77.7379,27-11-2024,PRM/KA/RERA/1251/446/PR/991666/12175
Assetz Bloom and Dell,Assetz Property Group,Whitefield,Bengaluru East,12059360,41635980,12995,28-04-2029,35,38.27,2793,"1BHK, 2.5BHK, 2BHK, 3.5BHK",2,5,0,Clear title with no encumbrances.,4.0,3.61,0.85,72,0.9,0.74,12.9195,77.6998,05-10-2024,PRM/KA/RERA/1251/446/PR/220480/86905
Pioneer White Orchid,Pioneer Developers,Whitefield,Bengaluru East,11005372,30611196,11452,25-03-2022,100,9.33,755,"1BHK, 2BHK, 4BHK",2,2,0,Clear title with no encumbrances.,4.9,9.29,0.93,80,0.4,0.61,12.9072,77.6578,20-07-2019,PRM/KA/RERA/1251/446/PR/461717/16671
Godrej Reflections,Godrej Properties,Sarjapur,Bengaluru East,13954220,47702970,14210,20-09-2027,61,31.62,2213,"2.5BHK, 3.5BHK, 3BHK, 4BHK",1,2,0,Clear title with no encumbrances.,4.7,7.22,0.94,69,0.9,0.8,12.9979,77.6587,05-04-2023,PRM/KA/RERA/1251/446/PR/358084/63030
Mahindra Eden,Mahindra Lifespaces,Kanakapura Road,Bengaluru East,8833748,20409004,10879,17-12-2026,34,25.76,2241,"1BHK, 3.5BHK",0,45,0,Clear title with no encumbrances.,3.8,10.79,0.75,86,1.0,0.8,12.9504,77.7154,13-04-2022,PRM/KA/RERA/1251/446/PR/865173/33733
DS MAX Starnest,DS MAX Properties,Electronic City,Bengaluru South,10616697,34608600,10179,28-12-2027,81,33.86,2674,"2.5BHK, 2BHK, 3.5BHK, 3BHK",1,2,0,Clear title with no encumbrances.,4.7,1.57,0.76,78,1.0,0.71,12.8921,77.6902,27-09-2024,PRM/KA/RERA/1251/446/PR/121587/86553
Total Environment The Magic Faraway Tree,Total Environment,Kanakapura Road,Bengaluru East,15313152,30234432,15072,23-09-2028,16,12.2,878,"1BHK, 2.5BHK",0,0,0,Clear title with no encumbrances.,4.3,4.14,0.94,71,1.0,0.87,12.8833,77.6576,16-10-2023,PRM/KA/RERA/1251/446/PR/626987/40134
Sobha Chrysanthemum,Sobha Limited,Thanisandra,Bengaluru North,16447887,32272426,14167,07-07-2024,100,32.58,3258,"3.5BHK, 3BHK, 4BHK",0,0,0,Clear title with no encumbrances.,4.1,13.82,0.88,100,0.9,0.86,12.9961,77.6652,23-10-2021,PRM/KA/RERA/1251/446/PR/721395/32246
Arvind Sporcia,Arvind SmartSpaces,Hebbal,Bengaluru North,13202230,44755700,14030,12-02-2024,100,28.11,2586,"2.5BHK, 3.5BHK",0,10,0,Clear title with no encumbrances.,4.5,11.95,0.91,91,1.0,0.73,12.9273,77.6817,06-10-2021,PRM/KA/RERA/1251/446/PR/965843/86186
Shriram Luxor,Shriram Properties,Hennur,Bengaluru North,12522868,41872300,11092,28-09-2026,21,20.12,1710,"1BHK, 2.5BHK, 3.5BHK, 3BHK",0,2,0,Clear title with no encumbrances.,4.5,13.7,0.87,84,0.9,0.85,12.9573,77.747,23-10-2023,PRM/KA/RERA/1251/446/PR/891838/93174
Assetz 38 and Banyan,Assetz Property Group,CV Raman Nagar,Bengaluru East,14413605,39388569,12927,18-12-2027,32,17.56,1545,"1BHK, 3.5BHK",1,2,0,Clear title with no encumbrances.,4.5,2.33,0.93,87,0.9,0.94,12.87,77.6973,17-05-2022,PRM/KA/RERA/1251/446/PR/441986/21665
Total Environment Windmills of Your Mind,Total Environment,Whitefield,Bengaluru East,13516184,28484520,13963,13-09-2025,33,14.85,1009,"1BHK, 2.5BHK, 3.5BHK",1,0,1,"Clear, marketable title with disclosed litigation.",3.9,12.01,0.86,67,1.0,0.82,12.9665,77.7424,04-06-2021,PRM/KA/RERA/1251/446/PR/530335/81863
Adarsh Tranqville,Adarsh Developers,Hennur,Bengaluru North,12093156,53386512,14244,02-04-2021,100,35.91,2980,"1BHK, 3.5BHK, 3BHK, 4BHK",1,0,0,Clear title with no encumbrances.,4.7,12.42,0.89,82,0.4,0.69,12.8554,77.7042,23-07-2018,PRM/KA/RERA/1251/446/PR/182766/31308
Sobha Silicon Oasis,Sobha Limited,Electronic City,Bengaluru South,18220739,45989932,17881,07-11-2027,29,5.19,347,"1BHK, 2BHK, 3.5BHK, 4BHK",0,0,0,Clear title with no encumbrances.,4.2,7.54,0.75,66,0.9,0.69,12.8887,77.7116,02-01-2023,PRM/KA/RERA/1251/446/PR/393996/17114
Mana Foresta,Mana Projects,Sarjapur,Bengaluru East,11785926,37607586,12783,09-10-2026,42,39.47,2802,"2.5BHK, 2BHK, 3BHK, 4BHK",0,0,0,Clear title with no encumbrances.,4.7,12.59,0.77,70,0.8,0.75,12.9257,77.6966,16-07-2021,PRM/KA/RERA/1251/446/PR/188194/80196
Prestige Mayberry,Prestige Estates,Whitefield,Bengaluru East,15187536,30715818,16226,12-01-2026,64,32.98,2209,"2.5BHK, 3BHK, 4BHK",1,0,2,"Clear, marketable title with disclosed litigation.",4.0,4.22,0.92,66,1.0,0.79,12.8569,77.7354,11-09-2021,PRM/KA/RERA/1251/446/PR/963255/14028
KNS Unnati,KNS Infrastructure,Sarjapur,Bengaluru East,19362507,67051332,16881,22-05-2021,100,21.01,1659,"2BHK, 3BHK",1,0,0,Clear title with no encumbrances.,4.9,1.78,0.77,78,1.0,0.69,12.9539,77.6693,28-02-2018,PRM/KA/RERA/1251/446/PR/422305/88070
Sobha Morzaria Grandeur,Sobha Limited,Koramangala,Bengaluru East,9265602,29395044,10446,24-06-2025,94,17.53,1542,"1BHK, 2.5BHK, 3BHK",0,0,0,Clear title with no encumbrances.,4.3,10.29,0.91,87,1.0,0.71,12.9842,77.6886,22-05-2022,PRM/KA/RERA/1251/446/PR/769786/35119
Sobha Windsor,Sobha Limited,Whitefield,Bengaluru East,16337188,66506920,17548,10-07-2024,100,21.6,1447,"1BHK, 2.5BHK, 3.5BHK, 3BHK",1,0,0,Clear title with no encumbrances.,3.9,14.21,0.91,66,1.0,0.7,12.9628,77.6546,01-10-2019,PRM/KA/RERA/1251/446/PR/529043/24255
Adarsh Wisteria,Adarsh Developers,Hennur,Bengaluru North,11104249,17621706,11701,06-07-2027,23,15.54,1367,"1BHK, 2.5BHK, 3.5BHK, 3BHK",0,0,0,Clear title with no encumbrances.,3.8,3.28,0.94,87,1.0,0.8,12.896,77.7132,13-02-2024,PRM/KA/RERA/1251/446/PR/268154/63660
Prestige Shantiniketan,Prestige Estates,Whitefield,Bengaluru East,12793864,36030776,11302,27-10-2026,89,4.39,421,"1BHK, 2BHK, 3.5BHK, 3BHK",0,0,0,Clear title with no encumbrances.,4.7,8.32,0.81,95,0.6,0.75,12.8797,77.6703,07-03-2023,PRM/KA/RERA/1251/446/PR/409075/96759
Alembic Urban Forest,Alembic Real Estate,Whitefield,Bengaluru East,19939545,32994135,17883,25-01-2025,15,6.85,465,"2.5BHK, 2BHK, 3.5BHK, 3BHK",1,5,0,Clear title with no encumbrances.,4.6,7.35,0.88,67,1.0,0.64,12.9457,77.6573,01-12-2020,PRM/KA/RERA/1251/446/PR/646273/59276
Salarpuria Sattva Water's Edge,Salarpuria Sattva,Hebbal,Bengaluru North,13939848,21728304,12402,02-05-2025,67,25.37,2105,"1BHK, 2.5BHK",0,20,0,Clear title with no encumbrances.,4.6,2.43,0.84,82,0.9,0.91,12.8806,77.6585,18-08-2022,PRM/KA/RERA/1251/446/PR/391037/72011
SJR Watermark,SJR Primecorp,Ambalipura,Bengaluru East,16283796,39672694,15247,25-03-2023,100,5.73,355,"1BHK, 2BHK, 4BHK",0,5,0,Clear title with no encumbrances.,4.2,4.99,0.77,61,0.6,0.89,12.9646,77.7095,26-07-2019,PRM/KA/RERA/1251/446/PR/221489/90066
Sobha Neopolis,Sobha Limited,Panathur,Bengaluru East,14591625,43687200,12525,07-12-2027,29,19.69,1260,"2.5BHK, 3.5BHK",0,0,0,Clear title with no encumbrances.,4.1,6.23,0.97,63,0.8,0.93,12.8568,77.6705,27-04-2023,PRM/KA/RERA/1251/446/PR/397454/87991
Purva Atmosphere,Puravankara,Thanisandra,Bengaluru North,11785187,25860273,11989,11-02-2024,100,7.0,448,"1BHK, 2.5BHK, 3.5BHK",0,0,2,"Clear, marketable title with disclosed litigation.",3.8,12.46,0.91,64,0.8,0.65,12.9736,77.7099,19-08-2019,PRM/KA/RERA/1251/446/PR/690834/36296
Sobha Halcyon,Sobha Limited,Whitefield,Bengaluru East,15930114,37554978,15186,13-08-2022,100,33.17,2587,"3BHK, 4BHK",0,20,0,Clear title with no encumbrances.,4.1,12.71,0.84,77,0.9,0.61,12.9766,77.6744,28-04-2018,PRM/KA/RERA/1251/446/PR/713321/71213
Adarsh Premia,Adarsh Developers,Banashankari,Bengaluru East,15507667,63513141,16657,26-05-2023,100,27.85,2283,"2.5BHK, 3BHK",1,20,0,Clear title with no encumbrances.,4.8,6.59,0.93,81,0.9,0.9,12.9506,77.686,28-01-2019,PRM/KA/RERA/1251/446/PR/939091/81155
Shriram Chirping Woods,Shriram Properties,Harlur,Bengaluru East,13610796,54784266,16242,12-02-2021,100,31.08,2766,"2BHK, 3.5BHK, 3BHK, 4BHK",0,2,0,Clear title with no encumbrances.,4.3,5.83,0.79,88,0.8,0.87,12.973,77.651,11-04-2018,PRM/KA/RERA/1251/446/PR/965663/93974
Sumadhura Shikaram,Sumadhura Group,Whitefield,Bengaluru East,9913706,21361966,12179,14-04-2023,100,33.69,2526,"1BHK, 2BHK, 3BHK",1,2,0,Clear title with no encumbrances.,4.1,1.79,0.82,74,0.9,0.67,12.8999,77.6857,07-10-2018,PRM/KA/RERA/1251/446/PR/878449/36828
Total Environment Learning to Fly,Total Environment,JP Nagar,Bengaluru South,17343018,29370978,16254,18-09-2023,100,3.75,356,"2BHK, 3.5BHK, 3BHK, 4BHK",0,2,0,Clear title with no encumbrances.,4.0,2.15,0.8,94,1.0,0.64,12.9872,77.6838,12-03-2018,PRM/KA/RERA/1251/446/PR/303974/49941
Assetz Capital 83,Assetz Property Group,Sarjapur,Bengaluru East,12858385,31105661,12923,06-01-2023,100,22.04,1675,"2.5BHK, 4BHK",0,0,2,"Clear, marketable title with disclosed litigation.",4.6,6.42,0.8,75,1.0,0.76,12.9771,77.6882,20-12-2019,PRM/KA/RERA/1251/446/PR/373068/32488
Gopalan Grandeur,Gopalan Enterprises,Hoodi,Bengaluru East,19676313,25809408,16803,26-10-2026,33,38.25,3519,"2.5BHK, 3.5BHK, 3BHK, 4BHK",0,45,0,Clear title with no encumbrances.,4.4,10.47,0.81,92,0.6,0.8,12.8927,77.7022,06-04-2022,PRM/KA/RERA/1251/446/PR/542645/81569
Abhee Prakruthi Villa,Abhee Ventures,Chandapura,Bengaluru East,20128892,68247872,17626,06-02-2024,100,31.6,2780,"1BHK, 4BHK",0,2,0,Clear title with no encumbrances.,4.8,10.3,0.85,87,1.0,0.89,12.97,77.7363,19-02-2020,PRM/KA/RERA/1251/446/PR/396097/56545
Brigade Golden Triangle,Brigade Enterprises,Old Madras Road,Bengaluru East,12302056,48210760,14456,28-10-2022,100,33.96,2784,"1BHK, 2.5BHK, 3BHK",1,0,0,Clear title with no encumbrances.,4.1,8.73,0.76,81,0.6,0.9,12.9279,77.6732,10-09-2018,PRM/KA/RERA/1251/446/PR/228868/22860
Rohan Akriti,Rohan Builders,Kanakapura Road,Bengaluru East,11491270,54029612,13762,14-12-2021,100,26.24,1941,"1BHK, 3.5BHK, 3BHK, 4BHK",0,0,0,Clear title with no encumbrances.,4.1,13.21,0.76,73,0.8,0.66,12.9485,77.7116,18-03-2018,PRM/KA/RERA/1251/446/PR/913507/81663
Gopalan National Elegance,Gopalan Enterprises,CV Raman Nagar,Bengaluru East,10335150,45328752,12159,18-09-2029,78,5.52,485,"1BHK, 2.5BHK, 2BHK, 3.5BHK",0,2,0,Clear title with no encumbrances.,4.7,2.65,0.9,87,1.0,0.63,12.9328,77.7485,17-07-2024,PRM/KA/RERA/1251/446/PR/337157/72775
Goyal Orchid Whitefield,Goyal & Co,Whitefield,Bengaluru East,13693330,33623454,11507,21-06-2026,69,10.55,654,"3.5BHK, 3BHK",0,2,0,Clear title with no encumbrances.,4.2,11.05,0.79,61,0.9,0.69,12.9689,77.7063,08-10-2023,PRM/KA/RERA/1251/446/PR/547179/31517
Concorde Cuppa,Concorde Group,Sarjapur,Bengaluru East,14729216,42854400,15872,13-11-2028,60,33.59,3157,"1BHK, 2.5BHK, 2BHK, 3BHK",0,20,1,"Clear, marketable title with disclosed litigation.",4.6,9.88,0.82,93,1.0,0.67,12.931,77.6897,08-05-2023,PRM/KA/RERA/1251/446/PR/181929/59880
Prestige Boulevard,Prestige Estates,Whitefield,Bengaluru East,17800354,34145800,14846,01-01-2022,100,5.89,418,"3.5BHK, 3BHK",0,20,0,Clear title with no encumbrances.,4.6,14.4,0.94,70,0.9,0.7,12.9693,77.734,15-09-2019,PRM/KA/RERA/1251/446/PR/920241/89412
Godrej Air,Godrej Properties,Hoodi,Bengaluru East,16686980,39378480,17455,27-09-2022,100,28.31,2802,"1BHK, 2BHK, 3.5BHK, 3BHK",1,0,0,Clear title with no encumbrances.,4.0,9.85,0.92,98,0.9,0.66,12.9288,77.6603,23-08-2018,PRM/KA/RERA/1251/446/PR/366752/69448
Salarpuria Sattva Park Cubix,Salarpuria Sattva,Devanahalli,Bengaluru North,20059606,43951598,17263,05-12-2023,100,10.55,1012,"1BHK, 2.5BHK, 3.5BHK, 3BHK",0,45,0,Clear title with no encumbrances.,4.6,3.69,0.96,95,0.6,0.62,12.9922,77.7048,28-09-2020,PRM/KA/RERA/1251/446/PR/127923/30705
Bren Starlight,Bren Corporation,Budigere Cross,Bengaluru East,13752060,30136575,14385,11-09-2022,100,27.99,2015,"2.5BHK, 3BHK, 4BHK",1,2,0,Clear title with no encumbrances.,4.2,11.71,0.84,71,0.8,0.76,12.9803,77.7154,14-02-2018,PRM/KA/RERA/1251/446/PR/616263/94128
Godrej 24,Godrej Properties,Sarjapur,Bengaluru East,15173384,34593588,14396,05-08-2026,24,11.05,983,"1BHK, 2.5BHK, 4BHK",1,10,0,Clear title with no encumbrances.,3.9,7.76,0.89,88,1.0,0.7,12.9465,77.7184,06-06-2021,PRM/KA/RERA/1251/446/PR/143573/17975
Sobha Quartz,Sobha Limited,Bellandur,Bengaluru East,13127673,39989157,15951,10-07-2022,100,29.86,2956,"1BHK, 2.5BHK, 2BHK",0,2,0,Clear title with no encumbrances.,4.3,1.02,0.83,98,0.9,0.64,12.9362,77.6716,13-06-2018,PRM/KA/RERA/1251/446/PR/254508/59655
Salarpuria Sattva Cadenza,Salarpuria Sattva,Kudlu Gate,Bengaluru East,8232678,39878640,10278,08-10-2025,51,33.47,2108,"2.5BHK, 2BHK, 3BHK, 4BHK",0,2,0,Clear title with no encumbrances.,4.5,1.02,0.76,62,1.0,0.62,12.8666,77.6906,21-10-2020,PRM/KA/RERA/1251/446/PR/442097/99809
Sumadhura Sushantham,Sumadhura Group,Sahakar Nagar,Bengaluru East,14056350,66124478,17038,23-08-2023,100,20.6,1483,"1BHK, 2.5BHK",0,0,0,Clear title with no encumbrances.,4.9,6.45,0.86,71,0.6,0.86,12.9291,77.7438,10-09-2019,PRM/KA/RERA/1251/446/PR/147171/96522
SJR Primecorp Palazza City,SJR Primecorp,Sarjapur,Bengaluru East,17532228,41512119,16923,22-06-2026,55,8.8,572,"1BHK, 2.5BHK, 3.5BHK",0,0,0,Clear title with no encumbrances.,4.8,9.21,0.96,65,1.0,0.82,12.8835,77.7456,13-01-2023,PRM/KA/RERA/1251/446/PR/916096/18926
Brigade Woods,Brigade Enterprises,Whitefield,Bengaluru East,15996780,27415476,17676,02-05-2026,38,17.17,1287,"1BHK, 2BHK, 3BHK, 4BHK",1,0,0,Clear title with no encumbrances.,4.0,1.53,0.8,74,0.9,0.62,12.8696,77.6774,18-11-2021,PRM/KA/RERA/1251/446/PR/841145/45275
Bren Northern Lights,Bren Corporation,Jakkur,Bengaluru North,19879249,31304923,17797,11-12-2027,64,19.98,1798,"2BHK, 4BHK",0,0,0,Clear title with no encumbrances.,4.7,8.14,0.82,89,0.4,0.74,12.904,77.663,02-09-2023,PRM/KA/RERA/1251/446/PR/214565/43639
Bharatiya City Nikoo Homes 4,Bhartiya City,Thanisandra,Bengaluru North,14324970,58037310,15690,06-12-2027,44,7.89,512,"1BHK, 2.5BHK, 3.5BHK, 4BHK",1,2,0,Clear title with no encumbrances.,4.1,7.39,0.88,64,0.6,0.76,12.9032,77.7374,28-12-2022,PRM/KA/RERA/1251/446/PR/542599/10727
Prestige Sunrise Park,Prestige Estates,Electronic City,Bengaluru South,12291564,26268892,11164,16-07-2028,34,6.66,606,"2.5BHK, 2BHK",0,10,0,Clear title with no encumbrances.,4.4,4.98,0.87,90,0.8,0.67,12.9288,77.666,19-11-2023,PRM/KA/RERA/1251/446/PR/731983/83790
Rohan Jidnyasa,Rohan Builders,Whitefield,Bengaluru East,13064825,33423714,11119,08-04-2024,100,6.65,578,"1BHK, 2BHK, 4BHK",0,2,0,Clear title with no encumbrances.,4.1,1.4,0.84,86,0.4,0.89,12.8722,77.7056,07-06-2019,PRM/KA/RERA/1251/446/PR/318491/11317
Prestige Tranquility,Prestige Estates,Budigere Cross,Bengaluru East,15802958,37087616,15662,23-04-2025,25,15.07,949,"2BHK, 4BHK",0,0,0,Clear title with no encumbrances.,4.3,14.05,0.83,62,0.6,0.86,12.8893,77.6564,18-05-2020,PRM/KA/RERA/1251/446/PR/119307/42620
DivyaSree 77 East,DivyaSree Developers,Marathahalli,Bengaluru East,20564400,49337423,17137,23-05-2027,78,36.12,3503,"1BHK, 2.5BHK, 2BHK, 4BHK",2,5,0,Clear title with no encumbrances.,4.8,6.92,0.98,96,1.0,0.79,12.9443,77.725,22-03-2023,PRM/KA/RERA/1251/446/PR/525335/68426
Bren Champions Square,Bren Corporation,Sarjapur,Bengaluru East,13042668,20684670,11922,27-01-2024,100,26.64,1598,"1BHK, 2BHK, 3.5BHK, 3BHK",1,0,2,"Clear, marketable title with disclosed litigation.",4.3,13.52,0.97,59,0.8,0.8,12.8502,77.6535,02-05-2021,PRM/KA/RERA/1251/446/PR/241408/47764
Prestige Augusta Golf Village,Prestige Estates,Horamavu,Bengaluru East,13975902,39379527,15633,13-04-2023,100,23.03,1934,"1BHK, 2BHK",0,2,0,Clear title with no encumbrances.,4.6,7.16,0.98,83,0.8,0.65,12.9379,77.6534,09-08-2019,PRM/KA/RERA/1251/446/PR/756231/54353
Prestige Lakeside Habitat,Prestige Estates,Varthur,Bengaluru East,14435345,38925320,16165,14-09-2023,100,7.23,477,"1BHK, 2.5BHK, 2BHK, 4BHK",0,0,0,Clear title with no encumbrances.,4.7,7.56,0.91,65,0.8,0.86,12.9119,77.6533,05-07-2019,PRM/KA/RERA/1251/446/PR/853987/47130
Brigade Cornerstone Utopia,Brigade Enterprises,Varthur,Bengaluru East,17860156,43547472,17789,25-07-2023,100,34.67,2253,"1BHK, 2.5BHK, 2BHK, 4BHK",1,2,0,Clear title with no encumbrances.,4.6,14.76,0.96,64,1.0,0.94,12.9689,77.7343,10-09-2018,PRM/KA/RERA/1251/446/PR/618955/11979
Prestige Casabella,Prestige Estates,Electronic City,Bengaluru South,12763284,56919012,15396,21-10-2024,100,39.04,3708,"2.5BHK, 2BHK, 3.5BHK, 3BHK",0,5,0,Clear title with no encumbrances.,4.5,12.9,0.87,94,1.0,0.79,12.8912,77.6695,14-01-2021,PRM/KA/RERA/1251/446/PR/901134/17932
Purva Fountain Square,Puravankara,Marathahalli,Bengaluru East,13931940,20277180,12540,25-01-2026,47,24.98,1823,"1BHK, 2BHK, 3.5BHK, 3BHK",0,0,0,Clear title with no encumbrances.,4.0,9.11,0.77,72,1.0,0.78,12.8819,77.7326,28-01-2022,PRM/KA/RERA/1251/446/PR/696256/41172
Vaswani Exquisite,Vaswani Group,Whitefield,Bengaluru East,15166756,47211304,16612,03-12-2024,100,33.71,2090,"2BHK, 4BHK",0,5,0,Clear title with no encumbrances.,4.1,14.5,0.9,61,1.0,0.64,12.9472,77.6988,05-09-2021,PRM/KA/RERA/1251/446/PR/144645/68972
Salarpuria Sattva East Crest,Salarpuria Sattva,Old Madras Road,Bengaluru East,18256266,30120282,17046,11-08-2029,14,7.48,553,"2.5BHK, 3BHK",1,5,0,Clear title with no encumbrances.,3.9,7.17,0.75,73,0.4,0.72,12.95,77.7464,03-09-2024,PRM/KA/RERA/1251/446/PR/248553/87595
Assetz Sun and Sanctum,Assetz Property Group,KR Puram,Bengaluru East,10358589,20705175,12003,17-03-2023,100,23.11,2010,"1BHK, 2BHK",0,0,0,Clear title with no encumbrances.,4.5,10.03,0.83,86,0.8,0.94,12.9592,77.67,01-05-2019,PRM/KA/RERA/1251/446/PR/173159/17890
Brigade Metropolis,Brigade Enterprises,Mahadevapura,Bengaluru East,12538581,41919555,10653,24-04-2026,89,25.87,2354,"2BHK, 3.5BHK, 3BHK",0,2,0,Clear title with no encumbrances.,4.0,8.28,0.93,90,1.0,0.78,12.9332,77.7164,17-08-2022,PRM/KA/RERA/1251/446/PR/232368/62773
Sobha Amethyst,Sobha Limited,Whitefield,Bengaluru East,18144342,33568605,15723,04-01-2023,100,24.9,2041,"2.5BHK, 3.5BHK, 3BHK, 4BHK",1,0,0,Clear title with no encumbrances.,4.1,12.08,0.98,81,0.8,0.92,12.9844,77.7289,18-11-2018,PRM/KA/RERA/1251/446/PR/404985/61428
Brigade Belvedere,Brigade Enterprises,Whitefield,Bengaluru East,9554415,33841851,11307,23-02-2026,14,13.6,965,"2BHK, 3.5BHK, 3BHK",1,0,0,Clear title with no encumbrances.,4.7,2.5,0.84,70,1.0,0.95,12.9767,77.6793,22-04-2021,PRM/KA/RERA/1251/446/PR/396343/33825
Abhee Prince,Abhee Ventures,Bellandur,Bengaluru East,15207909,61021089,17223,18-04-2024,100,24.51,2009,"2.5BHK, 2BHK, 4BHK",0,5,0,Clear title with no encumbrances.,4.0,7.69,0.93,81,0.9,0.91,12.8664,77.6576,11-01-2021,PRM/KA/RERA/1251/446/PR/468879/80263
Prestige Summer Fields,Prestige Estates,Sarjapur,Bengaluru East,12794488,41290648,14392,07-02-2023,100,38.41,2765,"2BHK, 4BHK",0,2,0,Clear title with no encumbrances.,4.0,7.7,0.83,71,1.0,0.8,12.9831,77.7295,20-01-2019,PRM/KA/RERA/1251/446/PR/590432/12990
Purva Zenium,Puravankara,Hosahalli,Bengaluru East,14820783,41438417,17581,26-02-2022,100,34.28,3325,"1BHK, 2.5BHK, 3.5BHK, 4BHK",2,0,0,Clear title with no encumbrances.,4.6,14.84,0.83,96,0.6,0.79,12.8653,77.6928,04-10-2018,PRM/KA/RERA/1251/446/PR/130568/55527
Sobha Sentosa,Sobha Limited,Panathur,Bengaluru East,13988674,52204978,17122,22-06-2023,100,7.08,531,"1BHK, 2.5BHK, 3.5BHK",0,5,0,Clear title with no encumbrances.,4.1,8.57,0.75,75,1.0,0.84,12.8559,77.736,27-11-2020,PRM/KA/RERA/1251/446/PR/208030/89913
Godrej Splendour,Godrej Properties,Belathur,Bengaluru East,17800442,26420278,16022,07-08-2027,10,5.04,332,"1BHK, 2.5BHK, 3BHK",0,0,0,Clear title with no encumbrances.,4.1,4.85,0.94,65,0.9,0.93,12.9662,77.6589,04-12-2022,PRM/KA/RERA/1251/446/PR/372029/87726
Abhee Silicon Shine,Abhee Ventures,Sarjapur,Bengaluru East,12033600,47369765,12535,12-09-2028,29,36.17,2531,"1BHK, 2BHK",0,0,0,Clear title with no encumbrances.,3.9,4.81,0.96,69,1.0,0.9,12.9024,77.7489,19-04-2024,PRM/KA/RERA/1251/446/PR/571593/82485
Concorde Auriga,Concorde Group,KR Puram,Bengaluru East,11881514,27238882,11359,16-05-2021,100,32.68,2516,"1BHK, 3.5BHK, 4BHK",1,45,0,Clear title with no encumbrances.,3.9,10.4,0.92,76,0.8,0.63,12.9894,77.6528,07-06-2018,PRM/KA/RERA/1251/446/PR/848756/78004
Assetz Here and Now,Assetz Property Group,Thanisandra,Bengaluru North,14106750,26305730,13435,14-09-2024,100,21.04,1830,"1BHK, 2.5BHK, 2BHK",2,2,0,Clear title with no encumbrances.,4.5,3.77,0.89,86,0.6,0.66,12.9497,77.7373,06-02-2021,PRM/KA/RERA/1251/446/PR/562554/65271
Sobha Dream Acres,Sobha Limited,Panathur,Bengaluru East,10314120,40018275,12765,13-09-2025,62,38.49,2501,"3BHK, 4BHK",5,2,0,Clear title with no encumbrances.,4.2,2.15,0.93,64,0.8,0.61,12.9501,77.669,11-01-2022,PRM/KA/RERA/1251/446/PR/573061/65628
Nambiar Bellezea,Nambiar Builders,Sarjapur,Bengaluru East,14413725,22031532,12267,07-10-2024,100,30.17,1810,"2.5BHK, 3.5BHK",0,0,0,Clear title with no encumbrances.,3.8,13.66,0.77,59,0.9,0.66,12.9145,77.7328,23-01-2021,PRM/KA/RERA/1251/446/PR/187616/51869
Prestige Waterford,Prestige Estates,Whitefield,Bengaluru East,12114765,33376536,14337,13-09-2028,96,39.54,3242,"2.5BHK, 2BHK, 3.5BHK",0,0,0,Clear title with no encumbrances.,4.7,12.0,0.79,81,1.0,0.81,12.9578,77.6728,08-02-2023,PRM/KA/RERA/1251/446/PR/579765/66767
Prestige Woodside,Prestige Estates,Yelahanka,Bengaluru North,9854608,26786405,11621,11-10-2026,65,35.13,2740,"1BHK, 3.5BHK, 3BHK, 4BHK",0,2,0,Clear title with no encumbrances.,4.5,4.29,0.86,77,0.9,0.69,12.9787,77.687,04-02-2023,PRM/KA/RERA/1251/446/PR/768734/11999
Sobha Petunia,Sobha Limited,Hebbal,Bengaluru North,13043727,28496502,15849,07-07-2027,95,27.32,1967,"2BHK, 3.5BHK",0,0,0,Clear title with no encumbrances.,4.5,5.3,0.78,71,0.9,0.69,12.9931,77.6774,28-06-2024,PRM/KA/RERA/1251/446/PR/120451/62791
Assetz Earth and Essence,Assetz Property Group,Off International Airport Road,Bengaluru East,14176610,56589880,14570,15-02-2021,100,20.02,1561,"1BHK, 2BHK, 3BHK",0,0,0,Clear title with no encumbrances.,4.2,9.25,0.77,77,0.9,0.77,12.8814,77.7356,07-09-2018,PRM/KA/RERA/1251/446/PR/445122/12583
Sumadhura Eden Garden,Sumadhura Group,Whitefield,Bengaluru East,13248534,46246872,11714,01-04-2027,53,35.27,2504,"2.5BHK, 2BHK, 3.5BHK, 3BHK",0,20,0,Clear title with no encumbrances.,4.6,1.27,0.77,70,1.0,0.68,12.8924,77.6527,10-12-2024,PRM/KA/RERA/1251/446/PR/988614/24475
Arvind Bel Air,Arvind SmartSpaces,Yelahanka,Bengaluru North,12120880,28524630,11930,20-06-2024,100,19.62,1922,"2.5BHK, 2BHK, 4BHK",2,2,0,Clear title with no encumbrances.,4.9,8.01,0.82,97,0.9,0.85,12.9717,77.6837,18-10-2020,PRM/KA/RERA/1251/446/PR/747619/13109
Brigade Serenity,Brigade Enterprises,Whitefield,Bengaluru East,13109052,19143780,12678,01-12-2028,93,3.0,273,"1BHK, 2BHK, 3BHK",5,10,0,Clear title with no encumbrances.,4.2,11.76,0.81,91,1.0,0.95,12.9094,77.6806,27-07-2023,PRM/KA/RERA/1251/446/PR/979294/94557
Brigade Altamont,Brigade Enterprises,Hennur,Bengaluru North,13233242,38335000,15334,14-04-2027,88,24.37,2095,"1BHK, 2.5BHK, 3.5BHK",0,2,0,Clear title with no encumbrances.,4.6,2.07,0.85,85,0.8,0.72,12.944,77.6593,17-08-2022,PRM/KA/RERA/1251/446/PR/216489/18425
DSR The Address,DSR Infraprojects,Sarjapur,Bengaluru East,14423760,36436140,13455,05-05-2027,60,9.57,794,"1BHK, 3.5BHK",0,0,0,Clear title with no encumbrances.,4.4,10.17,0.77,82,0.9,0.78,12.8628,77.6625,18-02-2023,PRM/KA/RERA/1251/446/PR/852196/87717
Excel Stone,Excel Dwellings,Sarjapur,Bengaluru East,13336974,24244992,11142,18-01-2029,83,4.92,329,"2BHK, 3.5BHK, 3BHK",0,45,0,Clear title with no encumbrances.,3.9,5.32,0.89,66,0.9,0.93,12.8601,77.688,05-03-2024,PRM/KA/RERA/1251/446/PR/457164/58849
Mana Tropicale,Mana Projects,Sarjapur,Bengaluru East,13438508,22623411,14419,18-04-2028,55,26.79,2625,"1BHK, 2.5BHK, 3.5BHK, 3BHK",0,20,0,Clear title with no encumbrances.,4.0,7.02,0.89,97,0.6,0.94,12.9414,77.7199,03-12-2024,PRM/KA/RERA/1251/446/PR/552873/34668
DSR White Waters,DSR Infraprojects,Carmelaram,Bengaluru East,14471538,59163992,15973,18-04-2023,100,33.59,2149,"3BHK, 4BHK",0,2,0,Clear title with no encumbrances.,4.5,14.19,0.93,63,0.8,0.79,12.8777,77.677,19-01-2020,PRM/KA/RERA/1251/446/PR/323142/48851
Brigade Lakefront,Brigade Enterprises,EPIP Zone,Bengaluru East,11064790,29750676,11834,12-02-2025,84,32.23,2062,"1BHK, 3.5BHK",0,2,0,Clear title with no encumbrances.,3.9,3.42,0.91,63,1.0,0.86,12.891,77.7276,28-05-2021,PRM/KA/RERA/1251/446/PR/401041/32284
UKN The Belvedere,UKN Properties,Airport Road,Bengaluru East,13288302,25300575,14667,07-06-2024,100,25.94,2438,"1BHK, 2BHK, 3.5BHK, 4BHK",0,10,0,Clear title with no encumbrances.,4.6,2.58,0.95,93,0.9,0.63,12.8628,77.7016,19-11-2019,PRM/KA/RERA/1251/446/PR/716994/20749
Salarpuria Sattva Knowledge City,Salarpuria Sattva,HITECH City,Bengaluru East,8930704,37895420,10012,21-07-2025,12,12.38,1176,"2BHK, 3.5BHK",0,2,1,"Clear, marketable title with disclosed litigation.",4.8,9.24,0.84,94,0.8,0.82,12.8871,77.6535,03-11-2020,PRM/KA/RERA/1251/446/PR/509298/71040
DivyaSree Republic of Whitefield,DivyaSree Developers,Whitefield,Bengaluru East,12195862,20014005,11027,27-06-2025,69,28.88,2252,"1BHK, 3.5BHK",2,2,0,Clear title with no encumbrances.,4.2,3.61,0.79,77,0.6,0.63,12.8891,77.7035,04-10-2020,PRM/KA/RERA/1251/446/PR/937949/48882
DSR Woodwinds,DSR Infraprojects,Sarjapur,Bengaluru East,12838735,38237927,12649,09-11-2022,100,8.82,723,"1BHK, 3BHK, 4BHK",0,0,0,Clear title with no encumbrances.,4.0,4.6,0.75,81,0.8,0.62,12.9384,77.7122,25-07-2019,PRM/KA/RERA/1251/446/PR/827447/23193
Vamshi Flora,Vamshi Builders,Marathahalli,Bengaluru East,14540512,44960384,15568,17-09-2025,19,39.59,3206,"1BHK, 2BHK, 3BHK",0,0,0,Clear title with no encumbrances.,4.3,8.57,0.78,80,0.9,0.65,12.9908,77.6583,25-10-2020,PRM/KA/RERA/1251/446/PR/241194/82795
Salarpuria Sattva Serenity,Salarpuria Sattva,HSR Layout,Bengaluru East,12937620,44370570,15185,02-11-2026,12,38.33,3258,"2BHK, 3.5BHK",1,5,0,Clear title with no encumbrances.,4.5,14.52,0.93,84,0.4,0.83,12.9011,77.6935,03-09-2021,PRM/KA/RERA/1251/446/PR/628726/55880
Nambiar District 25 Phase 1,Nambiar Builders,Sarjapur,Bengaluru East,15377937,48488088,16697,15-04-2026,92,36.22,2426,"3.5BHK, 3BHK, 4BHK",1,10,0,Clear title with no encumbrances.,4.4,7.81,0.94,66,0.8,0.75,12.9533,77.6611,05-08-2023,PRM/KA/RERA/1251/446/PR/638513/28620
Salarpuria Sattva Signet,Salarpuria Sattva,Sarjapur,Bengaluru East,14462700,22787240,13580,01-05-2027,31,29.69,2583,"2.5BHK, 2BHK",0,2,0,Clear title with no encumbrances.,4.7,11.32,0.9,86,1.0,0.68,12.8844,77.7184,27-04-2022,PRM/KA/RERA/1251/446/PR/483514/31812
DivyaSree Elan,DivyaSree Developers,Sarjapur,Bengaluru East,16871984,52923488,14984,23-08-2025,71,26.31,2262,"2.5BHK, 3BHK, 4BHK",0,20,0,Clear title with no encumbrances.,4.7,11.91,0.81,85,0.9,0.69,12.9002,77.6762,27-07-2021,PRM/KA/RERA/1251/446/PR/191877/96413
Purva Sunflower,Puravankara,Magadi Road,Bengaluru East,14287312,55336216,15496,28-04-2027,64,24.32,2188,"1BHK, 3.5BHK",1,45,0,Clear title with no encumbrances.,4.2,4.47,0.97,89,0.8,0.61,12.9356,77.6567,01-08-2024,PRM/KA/RERA/1251/446/PR/572466/49536
Godrej Air Nxt,Godrej Properties,Whitefield,Bengaluru East,16689732,34106320,13978,10-06-2024,100,26.21,2463,"1BHK, 3.5BHK, 3BHK",0,2,0,Clear title with no encumbrances.,4.1,1.08,0.93,93,0.6,0.9,12.8537,77.6877,23-07-2021,PRM/KA/RERA/1251/446/PR/859455/34517
Mana Capitol,Mana Projects,Sarjapur,Bengaluru East,13847130,46456146,13002,06-03-2026,27,18.98,1556,"1BHK, 2.5BHK, 3.5BHK, 3BHK",0,0,0,Clear title with no encumbrances.,4.6,9.43,0.83,81,1.0,0.72,12.9433,77.7078,06-07-2021,PRM/KA/RERA/1251/446/PR/236942/65991
Prestige Kew Gardens,Prestige Estates,Yemalur,Bengaluru East,12061107,37280709,10161,07-08-2026,88,33.82,3009,"2.5BHK, 3BHK",0,5,1,"Clear, marketable title with disclosed litigation.",3.9,12.29,0.97,88,1.0,0.83,12.9117,77.7398,21-05-2022,PRM/KA/RERA/1251/446/PR/404739/37845
Brigade Sanctuary,Brigade Enterprises,Whitefield,Bengaluru East,12875031,26178007,12227,13-09-2022,100,33.32,2299,"1BHK, 3.5BHK, 3BHK",2,20,0,Clear title with no encumbrances.,4.1,4.69,0.94,68,0.8,0.71,12.9251,77.6536,08-07-2019,PRM/KA/RERA/1251/446/PR/161824/48171
Century Ethos,Century Real Estate,Hebbal,Bengaluru North,14947548,52815594,13866,02-03-2024,100,14.43,1255,"2.5BHK, 3BHK",0,0,0,Clear title with no encumbrances.,4.4,12.65,0.86,86,1.0,0.92,12.8535,77.6549,05-04-2021,PRM/KA/RERA/1251/446/PR/626955/12719
Goyal Orchid Piccadilly,Goyal & Co,Thanisandra,Bengaluru North,12698692,30817263,12071,10-12-2029,94,28.32,2067,"2BHK, 3.5BHK, 4BHK",1,0,0,Clear title with no encumbrances.,4.3,7.3,0.91,72,0.4,0.87,12.9892,77.7049,16-05-2024,PRM/KA/RERA/1251/446/PR/770609/13548
Purva Riviera,Puravankara,Marathahalli,Bengaluru East,12500904,50367720,15171,01-09-2029,84,32.75,3242,"2.5BHK, 2BHK, 3.5BHK",0,0,0,Clear title with no encumbrances.,4.2,1.16,0.97,98,1.0,0.75,12.9504,77.7435,26-04-2024,PRM/KA/RERA/1251/446/PR/469020/63505
Salarpuria Sattva Celesta,Salarpuria Sattva,KR Puram,Bengaluru East,13936260,41535520,13663,25-12-2022,100,22.65,2197,"2BHK, 3.5BHK, 3BHK",2,0,0,Clear title with no encumbrances.,4.7,8.64,0.76,96,0.9,0.73,12.984,77.701,07-10-2018,PRM/KA/RERA/1251/446/PR/245082/84733
Concorde Manhattans,Concorde Group,Electronic City,Bengaluru South,17216424,40954752,17532,10-08-2027,88,19.27,1387,"3BHK, 4BHK",0,2,0,Clear title with no encumbrances.,4.6,3.61,0.9,71,1.0,0.83,12.9088,77.7242,12-05-2022,PRM/KA/RERA/1251/446/PR/161190/79942
SNN Clermont,SNN Estates,Hebbal,Bengaluru North,13272165,43448877,15523,12-01-2027,17,7.7,739,"1BHK, 2BHK, 4BHK",1,10,0,Clear title with no encumbrances.,3.9,8.28,0.79,95,0.9,0.77,12.9827,77.7162,22-12-2023,PRM/KA/RERA/1251/446/PR/500819/33730
Assetz Leaves and Lives,Assetz Property Group,Sarjapur,Bengaluru East,9407841,38603207,10019,26-10-2026,37,10.35,879,"2BHK, 3.5BHK",0,0,0,Clear title with no encumbrances.,4.4,12.05,0.98,84,0.8,0.82,12.9287,77.6718,01-04-2022,PRM/KA/RERA/1251/446/PR/892503/82911
Brigade Buena Vista,Brigade Enterprises,Budigere Cross,Bengaluru East,12467485,39878445,12505,13-01-2024,100,10.65,745,"1BHK, 2.5BHK, 2BHK",1,0,0,Clear title with no encumbrances.,4.3,5.08,0.95,69,0.9,0.8,12.9152,77.7434,19-08-2021,PRM/KA/RERA/1251/446/PR/692998/26740
Brigade Crescent,Brigade Enterprises,Nandidurga Road,Bengaluru East,18099970,32463172,16682,20-08-2024,100,36.14,2204,"3.5BHK, 3BHK",0,10,0,Clear title with no encumbrances.,4.3,5.17,0.81,60,0.8,0.68,12.8707,77.7077,19-02-2020,PRM/KA/RERA/1251/446/PR/100633/29556
Purva 270,Puravankara,CV Raman Nagar,Bengaluru East,13984200,24720958,15538,02-12-2022,100,24.66,1479,"3.5BHK, 3BHK",0,10,0,Clear title with no encumbrances.,3.8,14.77,0.89,59,0.9,0.93,12.9344,77.6697,10-01-2018,PRM/KA/RERA/1251/446/PR/648470/30181
Purva Season,Puravankara,CV Raman Nagar,Bengaluru East,13542495,48755885,14515,06-08-2022,100,37.68,3654,"1BHK, 3.5BHK, 3BHK, 4BHK",0,0,0,Clear title with no encumbrances.,4.8,10.48,0.96,96,1.0,0.92,12.9917,77.7336,14-08-2019,PRM/KA/RERA/1251/446/PR/970321/18198
Abhee Sunrise,Abhee Ventures,HSR Layout,Bengaluru East,10839175,35655525,13075,19-04-2024,100,26.65,1945,"2BHK, 3.5BHK",1,5,0,Clear title with no encumbrances.,4.3,1.28,0.84,72,0.9,0.68,12.942,77.6781,28-09-2019,PRM/KA/RERA/1251/446/PR/942627/57260
Concorde Tech Turf,Concorde Group,Electronic City,Bengaluru South,17610609,38548247,17419,15-01-2027,31,24.46,1834,"1BHK, 2.5BHK, 2BHK",0,45,0,Clear title with no encumbrances.,4.2,11.73,0.9,74,1.0,0.92,12.8683,77.7186,12-04-2024,PRM/KA/RERA/1251/446/PR/783782/75917
Concorde Midway City,Concorde Group,Hosur Road,Bengaluru South,8690668,36338113,10297,15-10-2024,100,35.39,2264,"2.5BHK, 3.5BHK, 3BHK, 4BHK",0,0,0,Clear title with no encumbrances.,4.4,8.73,0.92,63,1.0,0.81,12.9921,77.6674,25-05-2021,PRM/KA/RERA/1251/446/PR/752901/81127
Radiant White Orchid,Radiant Group,Sarjapur,Bengaluru East,13146086,43278954,11854,21-06-2021,100,16.7,1018,"2BHK, 3.5BHK",1,2,0,Clear title with no encumbrances.,4.7,1.08,0.92,60,0.9,0.9,12.8523,77.7475,10-10-2018,PRM/KA/RERA/1251/446/PR/311845/36009
Bren Imperia,Bren Corporation,Harlur,Bengaluru East,11083098,42595306,12233,25-07-2029,59,20.15,1672,"1BHK, 2BHK",2,5,0,Clear title with no encumbrances.,4.2,14.75,0.87,82,1.0,0.67,12.9235,77.6855,11-05-2024,PRM/KA/RERA/1251/446/PR/129086/11588
Bren Edge Waters,Bren Corporation,Kasavanahalli,Bengaluru East,13073344,28570656,11488,25-08-2026,100,29.68,2849,"1BHK, 3BHK",1,20,0,Clear title with no encumbrances.,4.7,10.31,0.97,95,0.9,0.89,12.931,77.6911,12-09-2022,PRM/KA/RERA/1251/446/PR/381047/27710
Confident Atria,Confident Group,Sarjapur,Bengaluru East,11347875,29322909,10087,07-03-2026,81,28.33,2294,"2.5BHK, 2BHK, 3BHK, 4BHK",0,5,0,Clear title with no encumbrances.,4.0,13.43,0.98,80,0.9,0.82,12.964,77.6805,11-08-2022,PRM/KA/RERA/1251/446/PR/378123/54408
Prestige Somerville,Prestige Estates,Whitefield,Bengaluru East,13874760,46814468,12847,11-04-2024,100,16.49,1269,"3.5BHK, 4BHK",1,2,0,Clear title with no encumbrances.,4.4,9.28,0.96,76,0.9,0.64,12.9447,77.7267,16-07-2021,PRM/KA/RERA/1251/446/PR/690737/81209
Brigade Exotica,Brigade Enterprises,Old Madras Road,Bengaluru East,13985312,19256336,11792,26-04-2022,100,35.13,3056,"2.5BHK, 2BHK, 3.5BHK, 3BHK",0,0,0,Clear title with no encumbrances.,4.5,2.19,0.83,86,0.8,0.73,12.9418,77.703,08-12-2019,PRM/KA/RERA/1251/446/PR/815992/79672
Shriram O2 Homes,Shriram Properties,Budigere Cross,Bengaluru East,12207108,33782940,10284,10-07-2024,100,12.58,779,"2BHK, 3BHK, 4BHK",10,45,0,Clear title with no encumbrances.,3.9,11.3,0.75,61,1.0,0.81,12.8685,77.6618,25-07-2021,PRM/KA/RERA/1251/446/PR/879797/89849
HM Tech Park,HM Constructions,Whitefield,Bengaluru East,13688725,38294065,11455,10-04-2026,80,37.4,2356,"3.5BHK, 3BHK",0,5,0,Clear title with no encumbrances.,4.3,4.14,0.91,62,0.9,0.84,12.8585,77.7478,08-08-2022,PRM/KA/RERA/1251/446/PR/179026/72072
Godrej Woodscapes,Godrej Properties,Budigere Cross,Bengaluru East,10805400,34459830,11745,09-11-2025,85,21.33,1429,"1BHK, 3BHK",0,0,0,Clear title with no encumbrances.,4.1,5.06,0.92,66,0.9,0.62,12.904,77.7367,18-09-2022,PRM/KA/RERA/1251/446/PR/709565/59739
Prestige White Meadows,Prestige Estates,Whitefield,Bengaluru East,18237594,27797897,16981,17-12-2027,32,32.81,2788,"1BHK, 2.5BHK, 3BHK",0,2,0,Clear title with no encumbrances.,4.0,10.58,0.92,84,1.0,0.76,12.9821,77.7207,12-12-2024,PRM/KA/RERA/1251/446/PR/713070/97680
Sobha Moonstone,Sobha Limited,Hebbal,Bengaluru North,13928304,42155784,13736,12-01-2023,100,10.9,752,"2BHK, 3.5BHK",0,10,0,Clear title with no encumbrances.,4.1,10.08,0.84,68,0.8,0.71,12.914,77.7286,20-06-2018,PRM/KA/RERA/1251/446/PR/171247/36208
Habitat Iluminar,Habitat Ventures,RVCE,Bengaluru East,15685628,44720410,14882,24-08-2028,90,20.74,1908,"1BHK, 3BHK",1,0,1,"Clear, marketable title with disclosed litigation.",4.7,11.93,0.91,91,0.8,0.94,12.9351,77.656,01-03-2023,PRM/KA/RERA/1251/446/PR/694676/56323
Prestige Raintree Park,Prestige Estates,Varthur,Bengaluru East,14107824,33695088,13872,12-12-2026,21,24.61,2190,"1BHK, 3BHK",0,45,0,Clear title with no encumbrances.,4.1,11.98,0.97,88,1.0,0.91,12.9828,77.7496,15-08-2021,PRM/KA/RERA/1251/446/PR/142529/54035
Assetz Marq 3.0,Assetz Property Group,Whitefield,Bengaluru East,11333166,18854820,10137,03-01-2028,44,39.53,2490,"1BHK, 2.5BHK, 2BHK",1,0,2,"Clear, marketable title with disclosed litigation.",3.9,9.77,0.91,62,0.9,0.77,12.9932,77.7192,24-01-2024,PRM/KA/RERA/1251/446/PR/513767/27122
Valmark CityVille,Valmark Developers,Hulimavu,Bengaluru East,11220716,25814461,11357,26-07-2024,100,22.04,1895,"1BHK, 3BHK",0,2,0,Clear title with no encumbrances.,4.2,7.28,0.94,85,0.9,0.73,12.9497,77.7103,24-07-2021,PRM/KA/RERA/1251/446/PR/992739/83126
Pavani Sarovar,Pavani Builders,Whitefield,Bengaluru East,11785248,35247024,10872,04-09-2025,54,35.82,2973,"1BHK, 2BHK, 3.5BHK, 3BHK",0,2,0,Clear title with no encumbrances.,4.4,3.79,0.88,82,0.9,0.9,12.9971,77.68,16-01-2022,PRM/KA/RERA/1251/446/PR/357313/52836
DS MAX Sista,DS MAX Properties,CV Raman Nagar,Bengaluru East,16816920,35314120,14120,03-07-2025,76,35.93,3413,"3BHK, 4BHK",1,0,0,Clear title with no encumbrances.,4.3,13.95,0.76,94,0.9,0.65,12.9562,77.6859,12-04-2020,PRM/KA/RERA/1251/446/PR/228482/75471
Bhartiya City Nikoo Homes,Bhartiya City,Thanisandra,Bengaluru North,12242758,37646194,11474,11-02-2025,29,32.46,3181,"1BHK, 2BHK",0,5,0,Clear title with no encumbrances.,4.7,7.73,0.83,97,0.9,0.94,12.8604,77.7198,13-05-2021,PRM/KA/RERA/1251/446/PR/650634/84341
Sumadhura Soham,Sumadhura Group,Whitefield,Bengaluru East,15176562,62252904,16111,09-08-2028,77,30.81,2156,"2.5BHK, 2BHK, 3.5BHK",10,5,0,Clear title with no encumbrances.,4.4,2.49,0.79,69,1.0,0.74,12.9999,77.7199,20-12-2023,PRM/KA/RERA/1251/446/PR/266086/93203
Amrutha Value,Amrutha Shelters,Whitefield,Bengaluru East,11963536,35400950,13234,23-10-2026,30,28.96,2461,"1BHK, 2.5BHK, 3.5BHK, 3BHK",0,2,0,Clear title with no encumbrances.,4.4,9.83,0.97,84,1.0,0.61,12.9185,77.7193,08-12-2022,PRM/KA/RERA/1251/446/PR/645103/54374
Sobha City,Sobha Limited,Thanisandra,Bengaluru North,14437376,52828953,14099,04-08-2026,91,11.92,739,"3.5BHK, 4BHK",1,2,0,Clear title with no encumbrances.,4.6,12.45,0.91,61,0.4,0.93,12.9692,77.7436,16-09-2023,PRM/KA/RERA/1251/446/PR/521040/92670
Total Environment In That Quiet Earth,Total Environment,Hennur,Bengaluru North,13214650,44378242,11491,19-04-2024,100,35.8,2541,"1BHK, 2BHK, 3BHK, 4BHK",0,0,0,Clear title with no encumbrances.,3.9,14.88,0.93,70,0.6,0.75,12.9602,77.7485,14-11-2021,PRM/KA/RERA/1251/446/PR/776240/24828
DSR Lotus Towers,DSR Infraprojects,Whitefield,Bengaluru East,17119376,54055016,14657,28-06-2023,100,8.52,639,"1BHK, 3.5BHK",2,0,0,Clear title with no encumbrances.,4.8,9.5,0.82,75,0.6,0.86,12.9033,77.6568,22-06-2020,PRM/KA/RERA/1251/446/PR/310803/31503
Shriram Hebbal One,Shriram Properties,Hebbal,Bengaluru North,18125289,25939991,17213,03-10-2023,100,5.84,490,"1BHK, 2.5BHK, 3BHK, 4BHK",0,20,1,"Clear, marketable title with disclosed litigation.",3.9,12.82,0.97,83,0.6,0.94,12.9364,77.7113,03-12-2018,PRM/KA/RERA/1251/446/PR/334312/39556
Brigade Orchards,Brigade Enterprises,Devanahalli,Bengaluru North,10102212,48808440,12612,09-11-2024,100,17.35,1093,"1BHK, 2.5BHK, 4BHK",0,5,0,Clear title with no encumbrances.,4.8,6.02,0.91,62,0.9,0.65,12.9437,77.6952,23-12-2019,PRM/KA/RERA/1251/446/PR/423005/61235
Abhee Celestial City,Abhee Ventures,Sarjapur,Bengaluru East,19614910,45915915,17735,04-10-2026,85,37.31,3171,"1BHK, 2.5BHK, 3.5BHK, 3BHK",0,0,0,Clear title with no encumbrances.,4.3,3.86,0.8,84,1.0,0.82,12.8565,77.7017,14-09-2021,PRM/KA/RERA/1251/446/PR/576428/78163
Aishwarya Amaze,Aishwarya Group,KR Puram,Bengaluru East,20167576,48091912,17629,24-11-2028,70,23.56,1437,"2.5BHK, 2BHK, 4BHK",2,5,0,Clear title with no encumbrances.,4.8,2.18,0.94,60,1.0,0.8,12.8818,77.7026,28-10-2023,PRM/KA/RERA/1251/446/PR/379937/32766
Rohan Iksha,Rohan Builders,Bellandur,Bengaluru East,16434099,27163800,15091,07-02-2024,100,22.57,1963,"2.5BHK, 2BHK, 3BHK, 4BHK",0,0,0,Clear title with no encumbrances.,4.0,13.87,0.93,86,0.9,0.75,12.9553,77.6942,23-06-2021,PRM/KA/RERA/1251/446/PR/876817/88725
DSR Parkway,DSR Infraprojects,Sarjapur,Bengaluru East,16556097,32228796,15231,24-05-2029,71,24.69,1481,"1BHK, 2BHK, 4BHK",0,10,0,Clear title with no encumbrances.,4.5,7.99,0.91,59,0.6,0.74,12.86,77.7129,14-06-2024,PRM/KA/RERA/1251/446/PR/477900/65954
Maithri Shilpish,Maithri Developers,Whitefield,Bengaluru East,13648800,62357955,17061,14-02-2024,100,32.12,2762,"1BHK, 2.5BHK, 3.5BHK, 4BHK",1,10,0,Clear title with no encumbrances.,4.5,14.42,0.88,85,0.9,0.76,12.905,77.6554,19-01-2020,PRM/KA/RERA/1251/446/PR/761166/55440
Rohan Antara,Rohan Builders,Varthur,Bengaluru East,15691165,45485080,14845,26-03-2027,66,27.8,2418,"3.5BHK, 3BHK",0,10,1,"Clear, marketable title with disclosed litigation.",3.8,12.66,0.93,86,0.9,0.73,12.9635,77.6882,12-10-2023,PRM/KA/RERA/1251/446/PR/269888/22880
Mfar Silverline,Mfar Developers,Whitefield,Bengaluru East,9304274,23946208,10466,23-06-2026,10,30.72,2764,"1BHK, 2.5BHK, 2BHK, 4BHK",0,2,1,"Clear, marketable title with disclosed litigation.",4.6,6.37,0.81,89,0.8,0.9,12.9767,77.6756,24-09-2022,PRM/KA/RERA/1251/446/PR/196982/38874
Habitat Eden Heights,Habitat Ventures,Hoodi,Bengaluru East,18855068,33884702,16006,04-12-2026,18,18.74,1780,"1BHK, 4BHK",0,2,2,"Clear, marketable title with disclosed litigation.",3.9,1.59,0.85,94,0.6,0.62,12.8797,77.722,19-03-2021,PRM/KA/RERA/1251/446/PR/726119/22979
Godrej Park Retreat,Godrej Properties,Sarjapur,Bengaluru East,11688708,29874864,11164,14-11-2022,100,39.36,2755,"2BHK, 3.5BHK, 3BHK, 4BHK",2,0,0,Clear title with no encumbrances.,3.9,9.53,0.86,69,1.0,0.63,12.9268,77.7081,03-01-2018,PRM/KA/RERA/1251/446/PR/350851/87868
Shriram Greenfield,Shriram Properties,Budigere Cross,Bengaluru East,12241818,36817758,11538,08-02-2022,100,23.26,2046,"2BHK, 3BHK",0,45,0,Clear title with no encumbrances.,4.2,2.65,0.77,87,0.4,0.77,12.9167,77.6591,20-09-2019,PRM/KA/RERA/1251/446/PR/291164/41572
Rohan Upavan,Rohan Builders,Off Hennur Road,Bengaluru East,17982984,33625486,16838,18-12-2026,88,21.47,1459,"1BHK, 3.5BHK",5,5,0,Clear title with no encumbrances.,4.9,1.37,0.93,67,1.0,0.69,12.9607,77.6523,18-02-2023,PRM/KA/RERA/1251/446/PR/159279/94763
Goyal Orchid Enclave,Goyal & Co,Whitefield,Bengaluru East,14212800,27216000,12600,26-02-2029,37,37.22,2382,"1BHK, 2BHK, 3.5BHK, 3BHK",0,0,0,Clear title with no encumbrances.,4.5,8.01,0.8,63,1.0,0.72,12.8915,77.7259,02-08-2024,PRM/KA/RERA/1251/446/PR/986163/35998
Adarsh Sanctuary,Adarsh Developers,Off Sarjapur Road,Bengaluru East,16372940,67021470,16810,06-01-2028,24,22.19,1819,"1BHK, 3.5BHK, 3BHK",2,0,1,"Clear, marketable title with disclosed litigation.",4.0,11.76,0.84,81,1.0,0.89,12.9792,77.6621,05-10-2023,PRM/KA/RERA/1251/446/PR/522264/32229
Vaishnavi Oasis,Vaishnavi Group,JP Nagar,Bengaluru South,10248428,19528832,10522,26-04-2022,100,20.37,1385,"1BHK, 2BHK, 3.5BHK, 3BHK",0,0,0,Clear title with no encumbrances.,4.2,7.2,0.82,67,1.0,0.93,12.9155,77.7067,24-03-2019,PRM/KA/RERA/1251/446/PR/408954/64793
Concorde Sylvan View,Concorde Group,Electronic City,Bengaluru South,15659256,40507776,15628,24-05-2026,43,3.68,231,"1BHK, 2.5BHK, 2BHK, 3.5BHK",0,10,0,Clear title with no encumbrances.,4.3,10.24,0.84,62,1.0,0.78,12.8581,77.6894,09-10-2022,PRM/KA/RERA/1251/446/PR/526847/28377
Rohan Avriti,Rohan Builders,Mahadevapura,Bengaluru East,15947056,47992000,13712,13-03-2027,87,8.06,612,"1BHK, 2.5BHK, 3.5BHK, 4BHK",0,10,0,Clear title with no encumbrances.,3.8,5.09,0.78,75,1.0,0.67,12.9045,77.6601,21-09-2022,PRM/KA/RERA/1251/446/PR/823576/17523
UKN Belvista,UKN Properties,Whitefield,Bengaluru East,11474589,35838927,11793,05-01-2021,100,13.2,1108,"2.5BHK, 2BHK",0,2,0,Clear title with no encumbrances.,4.7,14.67,0.96,83,1.0,0.82,12.857,77.6526,01-09-2018,PRM/KA/RERA/1251/446/PR/600305/98959
Salarpuria Sattva Magnolia,Salarpuria Sattva,Off Sarjapur Road,Bengaluru East,12973632,38358264,11032,05-02-2024,100,3.22,322,"3.5BHK, 4BHK",0,0,1,"Clear, marketable title with disclosed litigation.",4.6,9.31,0.94,100,0.9,0.61,12.9034,77.7006,02-03-2020,PRM/KA/RERA/1251/446/PR/869529/52627
Sobha Palladian,Sobha Limited,Marathahalli,Bengaluru East,18425899,30754869,16889,26-05-2029,88,9.41,790,"1BHK, 2BHK, 3BHK",1,5,2,"Clear, marketable title with disclosed litigation.",4.6,1.48,0.75,83,0.8,0.82,12.9001,77.7153,03-09-2024,PRM/KA/RERA/1251/446/PR/456592/72115
Sobha Galera,Sobha Limited,Kannamangala,Bengaluru East,17135960,41627450,16166,13-10-2025,18,23.75,2256,"1BHK, 2.5BHK, 2BHK, 4BHK",2,0,0,Clear title with no encumbrances.,4.4,2.74,0.83,94,0.9,0.74,12.8633,77.7409,26-04-2022,PRM/KA/RERA/1251/446/PR/123955/28135
Purva Whitehall,Puravankara,Sarjapur,Bengaluru East,16509420,42388110,17415,10-10-2024,100,7.85,714,"1BHK, 3.5BHK, 3BHK, 4BHK",2,5,0,Clear title with no encumbrances.,3.9,14.05,0.89,90,0.8,0.79,12.9067,77.6591,06-11-2019,PRM/KA/RERA/1251/446/PR/340136/84644
Purva Skydale,Puravankara,Sarjapur,Bengaluru East,14214180,37098420,14745,05-09-2028,52,30.32,2577,"2.5BHK, 3.5BHK",1,5,0,Clear title with no encumbrances.,4.3,13.21,0.89,84,1.0,0.6,12.9755,77.7196,15-07-2024,PRM/KA/RERA/1251/446/PR/303238/75583
Century Sports Village,Century Real Estate,Devanahalli,Bengaluru North,17478812,54828438,15634,10-09-2022,100,14.25,1068,"1BHK, 2.5BHK, 4BHK",0,20,0,Clear title with no encumbrances.,4.2,5.29,0.85,74,0.8,0.71,12.8543,77.7372,20-08-2019,PRM/KA/RERA/1251/446/PR/531474/46357
Birla Alokya,Birla Estates,Whitefield,Bengaluru East,11900518,41497330,10654,02-04-2028,96,35.23,2149,"3BHK, 4BHK",0,0,0,Clear title with no encumbrances.,4.4,1.34,0.92,60,0.8,0.95,12.9367,77.7175,12-08-2023,PRM/KA/RERA/1251/446/PR/358768/10769
Confident Oxygen,Confident Group,Sarjapur,Bengaluru East,15404460,51189935,17585,22-03-2027,13,32.24,2256,"2.5BHK, 3BHK",0,0,0,Clear title with no encumbrances.,4.1,7.05,0.78,69,0.9,0.75,12.9589,77.7358,28-02-2022,PRM/KA/RERA/1251/446/PR/239334/21653
Sumadhura Silver Ripples,Sumadhura Group,Whitefield,Bengaluru East,17158575,35751200,16675,24-09-2027,62,17.76,1367,"1BHK, 2BHK, 3.5BHK, 3BHK",0,2,0,Clear title with no encumbrances.,4.8,12.77,0.78,76,0.9,0.68,12.8589,77.6818,10-04-2023,PRM/KA/RERA/1251/446/PR/288992/23458
Shriram Blue,Shriram Properties,KR Puram,Bengaluru East,17521706,41103897,15343,19-04-2021,100,37.48,3448,"1BHK, 3.5BHK, 4BHK",2,2,0,Clear title with no encumbrances.,4.4,8.77,0.86,91,0.4,0.67,12.9717,77.7426,04-04-2018,PRM/KA/RERA/1251/446/PR/807934/43186
Adarsh Palm Meadows,Adarsh Developers,Whitefield,Bengaluru East,10473987,29113509,12279,17-08-2022,100,27.98,2266,"1BHK, 2BHK, 3.5BHK, 4BHK",0,5,1,"Clear, marketable title with disclosed litigation.",4.7,8.69,0.81,80,0.8,0.64,12.8549,77.7069,24-12-2018,PRM/KA/RERA/1251/446/PR/181931/10441
Brigade Caladium,Brigade Enterprises,Hebbal,Bengaluru North,14644140,52423560,17580,07-12-2027,25,11.11,699,"2.5BHK, 3.5BHK, 4BHK",2,0,0,Clear title with no encumbrances.,4.0,2.68,0.76,62,1.0,0.79,12.9658,77.6518,11-07-2023,PRM/KA/RERA/1251/446/PR/277239/25167
Eaton Park @ The Prestige City,Prestige Estates,Sompura Village,Bengaluru East,15605104,49872282,14557,18-07-2029,47,7.06,515,"2BHK, 3.5BHK, 3BHK, 4BHK",2,5,0,Clear title with no encumbrances.,4.7,2.19,0.93,72,1.0,0.76,12.9607,77.6529,24-04-2024,PRM/KA/RERA/1251/446/PR/447261/97479
Mahindra Windchimes,Mahindra Lifespaces,Bannerghatta Road,Bengaluru South,15986630,59654922,17098,25-04-2023,100,38.51,2695,"1BHK, 3BHK",0,2,0,Clear title with no encumbrances.,4.3,9.95,0.78,69,1.0,0.72,12.8579,77.7188,02-04-2020,PRM/KA/RERA/1251/446/PR/835272/23118
UKN Esperanza,UKN Properties,Whitefield,Bengaluru East,16198240,36184215,17455,02-11-2027,66,8.6,645,"1BHK, 2.5BHK, 2BHK, 3BHK",1,10,0,Clear title with no encumbrances.,4.8,12.6,0.79,75,0.6,0.92,12.9724,77.7377,18-01-2024,PRM/KA/RERA/1251/446/PR/569446/18071
Rohan Upavan Phase 2,Rohan Builders,Hennur,Bengaluru North,11062195,32017610,12305,16-01-2025,39,23.57,1932,"1BHK, 3BHK, 4BHK",1,0,0,Clear title with no encumbrances.,4.8,6.4,0.92,81,0.6,0.75,12.9285,77.7472,26-11-2021,PRM/KA/RERA/1251/446/PR/940440/46685
Mahaveer Promenade,Mahaveer Group,Whitefield,Bengaluru East,11572432,46811436,11857,06-04-2024,100,26.95,2506,"3.5BHK, 3BHK",0,2,0,Clear title with no encumbrances.,4.6,3.52,0.77,92,1.0,0.87,12.9248,77.6752,03-07-2020,PRM/KA/RERA/1251/446/PR/879187/47820
Prestige Pine Forest,Prestige Estates,ECC Road,Bengaluru East,14379408,44213733,14733,01-06-2022,100,39.01,2574,"2.5BHK, 2BHK",0,5,0,Clear title with no encumbrances.,4.6,2.39,0.79,65,1.0,0.79,12.8526,77.6986,03-04-2018,PRM/KA/RERA/1251/446/PR/212333/39427
